kind,병원수,의사수,비율(한병원당 의사수)
병원,1518,11202,7.37944664
보건소,241,1119,4.643153527
보건지소,1321,2089,1.581377744
상급종합,42,22016,524.1904762
요양병원,1596,7821,4.90037594
의원,33057,44010,1.331336782
종합병원,320,22651,70.784375
치과병원,237,2403,10.13924051
치과의원,18218,22081,1.212043034
한방병원,403,2625,6.513647643
한의원,14491,16589,1.144779518
